{"accuracy": [0.5292949080467224, 0.5451837182044983, 0.5451837182044983, 0.6415094137191772, 0.7715988159179688, 0.8311817049980164, 0.8748758435249329, 0.8877854943275452, 0.9116186499595642, 0.8142998814582825], "loss": [1.6263844966888428, 0.690653920173645, 0.6551862955093384, 0.6426958441734314, 0.5372233986854553, 0.4356418550014496, 0.33451762795448303, 0.28250688314437866, 0.25483086705207825, 0.44368821382522583], "val_accuracy": [0.5, 0.512499988079071, 0.6166666746139526, 0.6333333253860474, 0.8666666746139526, 0.7583333253860474, 0.9083333611488342, 0.9166666865348816, 0.9541666507720947, 0.9291666746139526], "val_loss": [0.6930742263793945, 0.6882386803627014, 0.667637288570404, 0.6287392377853394, 0.3998878300189972, 0.4950925409793854, 0.246963769197464, 0.260545939207077, 0.13466596603393555, 0.2478867918252945]}